{"_runtime":5.273920486,"_step":0,"reward_mean_each_iter":266.3021240234375,"_wandb":{"runtime":5},"_timestamp":1.7319847433694427e+09,"mean_value_loss":1.027118522265625e+06,"mean_surrogate_loss":-0.07917199134826661}