{"rot_rew":51.287841796875,"_timestamp":1.7319841413747663e+09,"dof_rew":4.792644023895264,"dist_rew":153.32749938964844,"hand_rew":-0.09503661096096039,"_step":1969,"_runtime":65.786977572,"goal_rew":0,"_wandb":{"runtime":65}}