{"_step":613,"mean_value_loss":186530.034765625,"mean_surrogate_loss":-0.05416858851676807,"_wandb":{"runtime":680},"_timestamp":1.731978628360659e+09,"_runtime":680.2729955}