{"goal_rew":0,"_timestamp":1.7319810911647882e+09,"_runtime":93.726682207,"dist_rew":144.40586853027344,"hand_rew":-0.08729087561368942,"_step":2964,"dof_rew":4.202583312988281,"rot_rew":45.568687438964844,"_wandb":{"runtime":93}}