{"_step":115,"reward_mean_each_iter":164.84898376464844,"_wandb":{"runtime":142},"_timestamp":1.731980133526763e+09,"mean_value_loss":397373.0033203125,"mean_surrogate_loss":-0.057543696090579036,"_runtime":142.233760231}